{"cameraMode":{"drawMode":0,"name":"Shaded","section":"Shading Mode"},"sceneLighting":true,"audioPlay":false,"sceneViewState":{"m_AlwaysRefresh":false,"showFog":true,"showSkybox":true,"showFlares":true,"showImageEffects":true,"showParticleSystems":true,"showVisualEffectGraphs":true,"m_FxEnabled":true},"in2DMode":false,"pivot":{"x":1.6750717163085938,"y":-1.014035701751709,"z":-2.1568145751953127},"rotation":{"x":0.07301686704158783,"y":0.8550379872322083,"z":-0.12526604533195496,"w":0.49796509742736819},"size":18.483304977416993,"orthographic":false}