{"cameraMode":{"drawMode":0,"name":"Shaded","section":"Shading Mode"},"sceneLighting":true,"audioPlay":false,"sceneViewState":{"m_AlwaysRefresh":false,"showFog":true,"showSkybox":true,"showFlares":true,"showImageEffects":true,"showParticleSystems":true,"showVisualEffectGraphs":true,"m_FxEnabled":true},"in2DMode":false,"pivot":{"x":2.9656903743743898,"y":-1.4310922622680665,"z":0.8441340923309326},"rotation":{"x":0.08666849136352539,"y":0.8167247772216797,"z":-0.12716707587242127,"w":0.556200385093689},"size":6.995626449584961,"orthographic":false}